{
    "Ar36": {
        "error": 0.0004118399897147846, 
        "filter_outliers_dict": {
            "filter_outliers": true, 
            "iterations": 1, 
            "std_devs": 2
        }, 
        "fit": "Linear", 
        "value": 0.025908701755366827
    }, 
    "Ar37": {
        "error": 0.011190105058255347, 
        "filter_outliers_dict": {
            "filter_outliers": true, 
            "iterations": 1, 
            "std_devs": 2
        }, 
        "fit": "linear", 
        "value": 1.2394638587032183
    }, 
    "Ar38": {
        "error": 0.0053844794585925495, 
        "filter_outliers_dict": {
            "filter_outliers": true, 
            "iterations": 1, 
            "std_devs": 2
        }, 
        "fit": "linear", 
        "value": 3.467896005501296
    }, 
    "Ar39": {
        "error": 0.0319339972392192, 
        "filter_outliers_dict": {
            "filter_outliers": true, 
            "iterations": 1, 
            "std_devs": 2
        }, 
        "fit": "Linear", 
        "value": 269.05792108204656
    }, 
    "Ar40": {
        "error": 0.08873193061138107, 
        "filter_outliers_dict": {
            "filter_outliers": true, 
            "iterations": 1, 
            "std_devs": 2
        }, 
        "fit": "Linear", 
        "value": 1394.103615740985
    }, 
    "Ar41": {
        "error": 0.005196923596808764, 
        "filter_outliers_dict": {
            "filter_outliers": true, 
            "iterations": 1, 
            "std_devs": 2
        }, 
        "fit": "Average", 
        "value": 0.27401039313550074
    }
}