{
    "Ar36": {
        "error": 0.0002621518128212754, 
        "filter_outliers_dict": {
            "filter_outliers": true, 
            "iterations": 1, 
            "std_devs": 2
        }, 
        "fit": "Linear", 
        "value": 0.01191048474155124
    }, 
    "Ar37": {
        "error": 0.009249701843246139, 
        "filter_outliers_dict": {
            "filter_outliers": true, 
            "iterations": 1, 
            "std_devs": 2
        }, 
        "fit": "linear", 
        "value": 0.45105140008994404
    }, 
    "Ar38": {
        "error": 0.006222095890756226, 
        "filter_outliers_dict": {
            "filter_outliers": true, 
            "iterations": 1, 
            "std_devs": 2
        }, 
        "fit": "linear", 
        "value": 4.833658921607822
    }, 
    "Ar39": {
        "error": 0.03290386387124056, 
        "filter_outliers_dict": {
            "filter_outliers": true, 
            "iterations": 1, 
            "std_devs": 2
        }, 
        "fit": "Linear", 
        "value": 379.0539181820707
    }, 
    "Ar40": {
        "error": 0.09600028305771967, 
        "filter_outliers_dict": {
            "filter_outliers": true, 
            "iterations": 1, 
            "std_devs": 2
        }, 
        "fit": "Linear", 
        "value": 1992.3543901782405
    }, 
    "Ar41": {
        "error": 0.005107558461635353, 
        "filter_outliers_dict": {
            "filter_outliers": true, 
            "iterations": 1, 
            "std_devs": 2
        }, 
        "fit": "Average", 
        "value": -0.021865989386191092
    }
}