{
    "Ar36": {
        "error": 0.00029579446941320996, 
        "filter_outliers_dict": {
            "filter_outliers": true, 
            "iterations": 1, 
            "std_devs": 2
        }, 
        "fit": "Linear", 
        "value": 0.013953400295904923
    }, 
    "Ar37": {
        "error": 0.00992263784411909, 
        "filter_outliers_dict": {
            "filter_outliers": true, 
            "iterations": 1, 
            "std_devs": 2
        }, 
        "fit": "linear", 
        "value": 0.4009397774605703
    }, 
    "Ar38": {
        "error": 0.00560484529079778, 
        "filter_outliers_dict": {
            "filter_outliers": true, 
            "iterations": 1, 
            "std_devs": 2
        }, 
        "fit": "linear", 
        "value": 5.365016658533876
    }, 
    "Ar39": {
        "error": 0.03716287785760439, 
        "filter_outliers_dict": {
            "filter_outliers": true, 
            "iterations": 1, 
            "std_devs": 2
        }, 
        "fit": "Linear", 
        "value": 416.8885503766539
    }, 
    "Ar40": {
        "error": 0.10623709619570518, 
        "filter_outliers_dict": {
            "filter_outliers": true, 
            "iterations": 1, 
            "std_devs": 2
        }, 
        "fit": "Linear", 
        "value": 2194.5626263091917
    }, 
    "Ar41": {
        "error": 0.005053324903985881, 
        "filter_outliers_dict": {
            "filter_outliers": true, 
            "iterations": 1, 
            "std_devs": 2
        }, 
        "fit": "Average", 
        "value": -0.009883916428016256
    }
}