{
    "Ar36": {
        "error": 0.0003002331694056919, 
        "filter_outliers_dict": {
            "filter_outliers": true, 
            "iterations": 1, 
            "std_devs": 2
        }, 
        "fit": "Linear", 
        "value": 0.014578095237792917
    }, 
    "Ar37": {
        "error": 0.009533960725989507, 
        "filter_outliers_dict": {
            "filter_outliers": true, 
            "iterations": 1, 
            "std_devs": 2
        }, 
        "fit": "linear", 
        "value": 0.3870655624237019
    }, 
    "Ar38": {
        "error": 0.006262859046176939, 
        "filter_outliers_dict": {
            "filter_outliers": true, 
            "iterations": 1, 
            "std_devs": 2
        }, 
        "fit": "linear", 
        "value": 4.311253055844805
    }, 
    "Ar39": {
        "error": 0.031308177373565636, 
        "filter_outliers_dict": {
            "filter_outliers": true, 
            "iterations": 1, 
            "std_devs": 2
        }, 
        "fit": "Linear", 
        "value": 334.7850831729636
    }, 
    "Ar40": {
        "error": 0.08695970920041023, 
        "filter_outliers_dict": {
            "filter_outliers": true, 
            "iterations": 1, 
            "std_devs": 2
        }, 
        "fit": "Linear", 
        "value": 1764.8607162812793
    }, 
    "Ar41": {
        "error": 0.005025169487697117, 
        "filter_outliers_dict": {
            "filter_outliers": true, 
            "iterations": 1, 
            "std_devs": 2
        }, 
        "fit": "Average", 
        "value": -0.05672258839088886
    }
}