{
    "Ar36": {
        "error": 0.001003875945202914, 
        "filter_outliers_dict": {
            "filter_outliers": true, 
            "iterations": 1, 
            "std_devs": 2
        }, 
        "fit": "Parabolic", 
        "value": 0.3894647435940143
    }, 
    "Ar37": {
        "error": 0.004850501829424504, 
        "filter_outliers_dict": {
            "filter_outliers": true, 
            "iterations": 1, 
            "std_devs": 2
        }, 
        "fit": "linear", 
        "value": 0.0009236878078374286
    }, 
    "Ar38": {
        "error": 0.0023169659016311745, 
        "filter_outliers_dict": {
            "filter_outliers": true, 
            "iterations": 1, 
            "std_devs": 2
        }, 
        "fit": "linear", 
        "value": 0.06277155954972778
    }, 
    "Ar39": {
        "error": 0.00868771227699664, 
        "filter_outliers_dict": {
            "filter_outliers": true, 
            "iterations": 1, 
            "std_devs": 2
        }, 
        "fit": "Parabolic", 
        "value": 0.0033471968095105395
    }, 
    "Ar40": {
        "error": 0.014823487895860408, 
        "filter_outliers_dict": {
            "filter_outliers": true, 
            "iterations": 1, 
            "std_devs": 2
        }, 
        "fit": "Parabolic", 
        "value": 112.37575861555243
    }, 
    "Ar41": {
        "error": 0.006269706882590941, 
        "filter_outliers_dict": {
            "filter_outliers": true, 
            "iterations": 1, 
            "std_devs": 2
        }, 
        "fit": "linear", 
        "value": -0.13808690619087846
    }
}